<?xml version="1.0" encoding="UTF-8"?>
<project-private xmlns="http://www.netbeans.org/ns/project-private/1">
    <editor-bookmarks xmlns="http://www.netbeans.org/ns/editor-bookmarks/2" lastBookmarkId="0"/>
    <open-files xmlns="http://www.netbeans.org/ns/projectui-open-files/2">
        <group>
            <file>file:/C:/Users/jafet/Desktop/ESCOM/Cripto/PracticaFirma/src/practicafirma/Mensaje.java</file>
            <file>file:/C:/Users/jafet/Desktop/ESCOM/Cripto/PracticaFirma/src/practicafirma/JFrame.java</file>
            <file>file:/C:/Users/jafet/Desktop/ESCOM/Cripto/PracticaFirma/src/practicafirma/CBC.java</file>
            <file>file:/C:/Users/jafet/Desktop/ESCOM/Cripto/PracticaFirma/src/practicafirma/Ruta.java</file>
            <file>file:/C:/Users/jafet/Desktop/ESCOM/Cripto/PracticaFirma/src/practicafirma/RSA.java</file>
            <file>file:/C:/Users/jafet/Desktop/ESCOM/Cripto/PracticaFirma/src/practicafirma/CFB.java</file>
        </group>
    </open-files>
</project-private>
